<ImportExportXml xmlns:xsi="http://www.w3.org/2001/XMLSchema-instance">
  <Entities></Entities>
  <Roles></Roles>
  <Workflows>
    <Workflow WorkflowId="{5ec1f9e4-7eee-ed11-8849-6045bd006cf4}" Name="Flow_Mail_Req">
      <JsonFileName>/Workflows/Flow_Mail_Req-5EC1F9E4-7EEE-ED11-8849-6045BD006CF4.json</JsonFileName>
      <Type>1</Type>
      <Subprocess>0</Subprocess>
      <Category>5</Category>
      <Mode>0</Mode>
      <Scope>4</Scope>
      <OnDemand>0</OnDemand>
      <TriggerOnCreate>0</TriggerOnCreate>
      <TriggerOnDelete>0</TriggerOnDelete>
      <AsyncAutodelete>0</AsyncAutodelete>
      <SyncWorkflowLogOnFailure>0</SyncWorkflowLogOnFailure>
      <StateCode>1</StateCode>
      <StatusCode>2</StatusCode>
      <RunAs>1</RunAs>
      <IsTransacted>1</IsTransacted>
      <IntroducedVersion>1.0</IntroducedVersion>
      <IsCustomizable>1</IsCustomizable>
      <BusinessProcessType>0</BusinessProcessType>
      <IsCustomProcessingStepAllowedForOtherPublishers>1</IsCustomProcessingStepAllowedForOtherPublishers>
      <PrimaryEntity>none</PrimaryEntity>
      <LocalizedNames>
        <LocalizedName languagecode="1033" description="Flow_Mail_Req" />
      </LocalizedNames>
    </Workflow>
    <Workflow WorkflowId="{58739d8c-befe-ed11-8f6e-6045bd006cf4}" Name="Confirmation Email" Description="Click a button in a Power Apps application to send a email to a specified email address.">
      <JsonFileName>/Workflows/ConfirmationEmail-58739D8C-BEFE-ED11-8F6E-6045BD006CF4.json</JsonFileName>
      <Type>1</Type>
      <Subprocess>0</Subprocess>
      <Category>5</Category>
      <Mode>0</Mode>
      <Scope>4</Scope>
      <OnDemand>0</OnDemand>
      <TriggerOnCreate>0</TriggerOnCreate>
      <TriggerOnDelete>0</TriggerOnDelete>
      <AsyncAutodelete>0</AsyncAutodelete>
      <SyncWorkflowLogOnFailure>0</SyncWorkflowLogOnFailure>
      <StateCode>1</StateCode>
      <StatusCode>2</StatusCode>
      <RunAs>1</RunAs>
      <IsTransacted>1</IsTransacted>
      <IntroducedVersion>1.0.0.2</IntroducedVersion>
      <IsCustomizable>1</IsCustomizable>
      <BusinessProcessType>0</BusinessProcessType>
      <IsCustomProcessingStepAllowedForOtherPublishers>1</IsCustomProcessingStepAllowedForOtherPublishers>
      <PrimaryEntity>none</PrimaryEntity>
      <LocalizedNames>
        <LocalizedName languagecode="1033" description="Confirmation Email" />
      </LocalizedNames>
      <Descriptions>
        <Description languagecode="1033" description="Click a button in a Power Apps application to send a email to a specified email address." />
      </Descriptions>
    </Workflow>
  </Workflows>
  <FieldSecurityProfiles></FieldSecurityProfiles>
  <Templates />
  <EntityMaps />
  <EntityRelationships />
  <OrganizationSettings />
  <optionsets />
  <CustomControls />
  <EntityDataProviders />
  <CanvasApps>
    <CanvasApp>
      <Name>craa6_msleadgenerator_469c0</Name>
      <AppVersion>2023-05-10T14:40:50Z</AppVersion>
      <Status>Ready</Status>
      <CreatedByClientVersion>3.23044.17.0</CreatedByClientVersion>
      <MinClientVersion>3.23044.17.0</MinClientVersion>
      <Tags>{"primaryDeviceWidth":"640","primaryDeviceHeight":"1136","supportsPortrait":"true","supportsLandscape":"true","primaryFormFactor":"Phone","publisherVersion":"3.23044.17","minimumRequiredApiVersion":"2.2.0","hasComponent":"false","hasUnlockedComponent":"false","isUnifiedRootApp":"false"}</Tags>
      <IsCdsUpgraded>0</IsCdsUpgraded>
      <GalleryItemId xsi:nil="true"></GalleryItemId>
      <BackgroundColor>RGBA(0,176,240,1)</BackgroundColor>
      <DisplayName>MS lead generator</DisplayName>
      <Description xsi:nil="true"></Description>
      <CommitMessage xsi:nil="true"></CommitMessage>
      <Publisher xsi:nil="true"></Publisher>
      <AuthorizationReferences>[]</AuthorizationReferences>
      <ConnectionReferences>{"0edcea4f-9376-4c04-9d1d-7d7a871ade65":{"id":"/providers/microsoft.powerapps/apis/shared_logicflows","displayName":"Logic flows","iconUri":"https://connectoricons-prod.azureedge.net/releases/v1.0.1615/1.0.1615.3163/logicflows/icon.png","dataSources":["Flow_Mail_Req"],"dependencies":["cbe1287f-d9a8-40b9-b6bb-2d038a03da1c"],"dependents":[],"parameterHints":{"workflowName":{"value":"e3b86e78-0fad-4293-9833-3a55a1925c99"},"workflowEntityId":{"value":"5ec1f9e4-7eee-ed11-8849-6045bd006cf4"},"cbe1287f-d9a8-40b9-b6bb-2d038a03da1c":{"value":"shared_office365"}},"parameterHintsV2":{"workflowName":{"value":"e3b86e78-0fad-4293-9833-3a55a1925c99"},"workflowEntityId":{"value":"5ec1f9e4-7eee-ed11-8849-6045bd006cf4"},"shared_office365":{"value":"cbe1287f-d9a8-40b9-b6bb-2d038a03da1c"}},"isOnPremiseConnection":false,"bypassConsent":false,"dataSets":{},"apiTier":"Standard","actions":["Run"]},"cbe1287f-d9a8-40b9-b6bb-2d038a03da1c":{"id":"/providers/microsoft.powerapps/apis/shared_office365","displayName":"Office 365 Outlook","iconUri":"https://connectoricons-prod.azureedge.net/releases/v1.0.1626/1.0.1626.3238/office365/icon.png","dataSources":[],"dependencies":[],"dependents":["0edcea4f-9376-4c04-9d1d-7d7a871ade65"],"parameterHints":{},"parameterHintsV2":{},"isOnPremiseConnection":false,"bypassConsent":false,"dataSets":{},"apiTier":"Standard"}}</ConnectionReferences>
      <DatabaseReferences>{}</DatabaseReferences>
      <AppComponents>[]</AppComponents>
      <AppComponentDependencies>[]</AppComponentDependencies>
      <CanConsumeAppPass>1</CanConsumeAppPass>
      <CanvasAppType>0</CanvasAppType>
      <BypassConsent>0</BypassConsent>
      <AdminControlBypassConsent>0</AdminControlBypassConsent>
      <EmbeddedApp xsi:nil="true"></EmbeddedApp>
      <IntroducedVersion>1.0</IntroducedVersion>
      <CdsDependencies>{"cdsdependencies":[{"dependencyid":"5ec1f9e4-7eee-ed11-8849-6045bd006cf4","componenttype":29,"componenttypeplatformname":"Workflow"}]}</CdsDependencies>
      <IsCustomizable>1</IsCustomizable>
      <BackgroundImageUri>/CanvasApps/craa6_msleadgenerator_469c0_BackgroundImageUri</BackgroundImageUri>
      <DocumentUri>/CanvasApps/craa6_msleadgenerator_469c0_DocumentUri.msapp</DocumentUri>
    </CanvasApp>
  </CanvasApps>
  <Languages>
    <Language>1033</Language>
  </Languages>
</ImportExportXml>