{
  "properties": {
    "connectionReferences": {
      "shared_office365": {
        "runtimeSource": "invoker",
        "connection": {
          "connectionReferenceLogicalName": "new_sharedoffice365_76b26"
        },
        "api": {
          "name": "shared_office365"
        }
      }
    },
    "definition": {
      "$schema": "https://schema.management.azure.com/providers/Microsoft.Logic/schemas/2016-06-01/workflowdefinition.json#",
      "contentVersion": "1.0.0.0",
      "parameters": {
        "$connections": {
          "defaultValue": {},
          "type": "Object"
        },
        "$authentication": {
          "defaultValue": {},
          "type": "SecureObject"
        }
      },
      "triggers": {
        "manual": {
          "metadata": {
            "operationMetadataId": "eed5e004-ffb1-41a1-8468-9558c04f5968"
          },
          "type": "Request",
          "kind": "PowerApp",
          "inputs": {
            "schema": {
              "type": "object",
              "properties": {
                "Sendanemail(V2)_To": {
                  "type": "string",
                  "format": "email",
                  "description": "Specify email addresses separated by semicolons like someone@contoso.com",
                  "x-ms-powerflows-param-ispartial": false
                },
                "Sendanemail(V2)_Subject": {
                  "type": "string",
                  "description": "Specify the subject of the mail",
                  "x-ms-powerflows-param-ispartial": false
                },
                "Sendanemail(V2)_Body": {
                  "type": "string",
                  "format": "html",
                  "description": "Specify the body of the mail. This parameter is used as part of \"9AC29061-74E8-485C-8AA2-1FF68DDD07DD\"",
                  "x-ms-powerflows-param-ispartial": true
                },
                "Sendanemail(V2)_Body_1": {
                  "type": "string"
                },
                "Sendanemail(V2)_Body_2": {
                  "type": "string"
                },
                "Sendanemail(V2)_Body_3": {
                  "type": "string"
                }
              },
              "required": [
                "Sendanemail(V2)_To",
                "Sendanemail(V2)_Subject",
                "Sendanemail(V2)_Body",
                "Sendanemail(V2)_Body_1",
                "Sendanemail(V2)_Body_2",
                "Sendanemail(V2)_Body_3"
              ]
            }
          }
        }
      },
      "actions": {
        "Send_an_email_(V2)": {
          "runAfter": {},
          "metadata": {
            "operationMetadataId": "2d45138c-3d5b-4e8f-9b22-d982bfa83f41"
          },
          "type": "OpenApiConnection",
          "inputs": {
            "host": {
              "connectionName": "shared_office365",
              "operationId": "SendEmailV2",
              "apiId": "/providers/Microsoft.PowerApps/apis/shared_office365"
            },
            "parameters": {
              "emailMessage/To": "@triggerBody()['Sendanemail(V2)_To']",
              "emailMessage/Subject": "@triggerBody()['Sendanemail(V2)_Subject']",
              "emailMessage/Body": "<p>Hello @{triggerBody()['Sendanemail(V2)_Body']},<br>\n<br>\nA lead has been created via the Microsoft Lead Generator App!<br>\n<strong>Triggered by:</strong> @{triggerBody()['Sendanemail(V2)_Body_1']}<br>\n<strong>Tag Details: </strong>@{triggerBody()['Sendanemail(V2)_Body_2']}<br>\n<strong>Request Details: </strong>@{triggerBody()['Sendanemail(V2)_Body_3']}<br>\n<br>\n<br>\nBest,<br>\nGetInTouch Microsoft Team</p>",
              "emailMessage/Importance": "Normal"
            },
            "authentication": {
              "type": "Raw",
              "value": "@json(decodeBase64(triggerOutputs().headers['X-MS-APIM-Tokens']))['$ConnectionKey']"
            }
          }
        }
      }
    },
    "templateName": ""
  },
  "schemaVersion": "1.0.0.0"
}