<ImportExportXml xmlns:xsi="http://www.w3.org/2001/XMLSchema-instance">
  <Entities></Entities>
  <Roles></Roles>
  <Workflows>
    <Workflow WorkflowId="{5ec1f9e4-7eee-ed11-8849-6045bd006cf4}" Name="Flow_Mail_Req">
      <JsonFileName>/Workflows/Flow_Mail_Req-5EC1F9E4-7EEE-ED11-8849-6045BD006CF4.json</JsonFileName>
      <Type>1</Type>
      <Subprocess>0</Subprocess>
      <Category>5</Category>
      <Mode>0</Mode>
      <Scope>4</Scope>
      <OnDemand>0</OnDemand>
      <TriggerOnCreate>0</TriggerOnCreate>
      <TriggerOnDelete>0</TriggerOnDelete>
      <AsyncAutodelete>0</AsyncAutodelete>
      <SyncWorkflowLogOnFailure>0</SyncWorkflowLogOnFailure>
      <StateCode>1</StateCode>
      <StatusCode>2</StatusCode>
      <RunAs>1</RunAs>
      <IsTransacted>1</IsTransacted>
      <IntroducedVersion>1.0</IntroducedVersion>
      <IsCustomizable>1</IsCustomizable>
      <BusinessProcessType>0</BusinessProcessType>
      <IsCustomProcessingStepAllowedForOtherPublishers>1</IsCustomProcessingStepAllowedForOtherPublishers>
      <PrimaryEntity>none</PrimaryEntity>
      <LocalizedNames>
        <LocalizedName languagecode="1033" description="Flow_Mail_Req" />
      </LocalizedNames>
    </Workflow>
    <Workflow WorkflowId="{58739d8c-befe-ed11-8f6e-6045bd006cf4}" Name="Confirmation Email" Description="Click a button in a Power Apps application to send a email to a specified email address.">
      <JsonFileName>/Workflows/ConfirmationEmail-58739D8C-BEFE-ED11-8F6E-6045BD006CF4.json</JsonFileName>
      <Type>1</Type>
      <Subprocess>0</Subprocess>
      <Category>5</Category>
      <Mode>0</Mode>
      <Scope>4</Scope>
      <OnDemand>0</OnDemand>
      <TriggerOnCreate>0</TriggerOnCreate>
      <TriggerOnDelete>0</TriggerOnDelete>
      <AsyncAutodelete>0</AsyncAutodelete>
      <SyncWorkflowLogOnFailure>0</SyncWorkflowLogOnFailure>
      <StateCode>1</StateCode>
      <StatusCode>2</StatusCode>
      <RunAs>1</RunAs>
      <IsTransacted>1</IsTransacted>
      <IntroducedVersion>1.0.0.2</IntroducedVersion>
      <IsCustomizable>1</IsCustomizable>
      <BusinessProcessType>0</BusinessProcessType>
      <IsCustomProcessingStepAllowedForOtherPublishers>1</IsCustomProcessingStepAllowedForOtherPublishers>
      <PrimaryEntity>none</PrimaryEntity>
      <LocalizedNames>
        <LocalizedName languagecode="1033" description="Confirmation Email" />
      </LocalizedNames>
      <Descriptions>
        <Description languagecode="1033" description="Click a button in a Power Apps application to send a email to a specified email address." />
      </Descriptions>
    </Workflow>
  </Workflows>
  <FieldSecurityProfiles></FieldSecurityProfiles>
  <Templates />
  <EntityMaps />
  <EntityRelationships />
  <OrganizationSettings />
  <optionsets />
  <CustomControls />
  <EntityDataProviders />
  <CanvasApps>
    <CanvasApp>
      <Name>craa6_msleadgenerator_469c0</Name>
      <AppVersion>2023-06-12T10:10:50Z</AppVersion>
      <Status>Ready</Status>
      <CreatedByClientVersion>3.23053.41.0</CreatedByClientVersion>
      <MinClientVersion>3.23053.41.0</MinClientVersion>
      <Tags>{"primaryDeviceWidth":"640","primaryDeviceHeight":"1136","supportsPortrait":"true","supportsLandscape":"true","primaryFormFactor":"Phone","publisherVersion":"3.23053.41","minimumRequiredApiVersion":"2.2.0","hasComponent":"false","hasUnlockedComponent":"false","isUnifiedRootApp":"false","sienaVersion":"20230510T144050Z-3.23044.17.0"}</Tags>
      <IsCdsUpgraded>0</IsCdsUpgraded>
      <GalleryItemId xsi:nil="true"></GalleryItemId>
      <BackgroundColor>rgba(255, 255, 255, 1)</BackgroundColor>
      <DisplayName>GetInTouch</DisplayName>
      <Description>Welcome to the Power App: GetInTouch! GetInTouch enables you to easily get in touch with your Microsoft Team to facilitate quick communication for developing new projects and discovering new technologies. Please note that this application is not equivalent to reaching Microsoft for Support Requests.</Description>
      <CommitMessage xsi:nil="true"></CommitMessage>
      <Publisher xsi:nil="true"></Publisher>
      <AuthorizationReferences>[]</AuthorizationReferences>
      <ConnectionReferences>{"804b4474-2b17-4682-ad83-39b8094f90fc":{"id":"/providers/microsoft.powerapps/apis/shared_logicflows","displayName":"Logic flows","iconUri":"https://connectoricons-prod.azureedge.net/releases/v1.0.1636/1.0.1636.3297/logicflows/icon.png","dataSources":["ConfirmationEmail"],"dependencies":["5621720d-c16e-4ec2-9d74-7707a18aa608"],"dependents":[],"parameterHints":{"workflowName":{"value":"4dfcc496-6d9d-482f-9480-42053f8dc23f"},"workflowEntityId":{"value":"58739d8c-befe-ed11-8f6e-6045bd006cf4"},"5621720d-c16e-4ec2-9d74-7707a18aa608":{"value":"shared_office365"}},"parameterHintsV2":{"workflowName":{"value":"4dfcc496-6d9d-482f-9480-42053f8dc23f"},"workflowEntityId":{"value":"58739d8c-befe-ed11-8f6e-6045bd006cf4"},"shared_office365":{"value":"5621720d-c16e-4ec2-9d74-7707a18aa608"}},"isOnPremiseConnection":false,"bypassConsent":false,"dataSets":{},"apiTier":"Standard","actions":["Run"]},"5621720d-c16e-4ec2-9d74-7707a18aa608":{"id":"/providers/microsoft.powerapps/apis/shared_office365","displayName":"Office 365 Outlook","iconUri":"https://connectoricons-prod.azureedge.net/u/shgogna/globalperconnector-train1/1.0.1639.3313/office365/icon.png","dataSources":[],"dependencies":[],"dependents":["804b4474-2b17-4682-ad83-39b8094f90fc","9fec22d6-d5d6-4432-88cf-198b0d9cab4f"],"parameterHints":{},"parameterHintsV2":{},"isOnPremiseConnection":false,"bypassConsent":false,"dataSets":{},"apiTier":"Standard"},"9fec22d6-d5d6-4432-88cf-198b0d9cab4f":{"id":"/providers/microsoft.powerapps/apis/shared_logicflows","displayName":"Logic flows","iconUri":"https://connectoricons-prod.azureedge.net/releases/v1.0.1636/1.0.1636.3297/logicflows/icon.png","dataSources":["Flow_Mail_Req"],"dependencies":["5621720d-c16e-4ec2-9d74-7707a18aa608"],"dependents":[],"parameterHints":{"workflowName":{"value":"0c7ab40f-6833-45bb-a663-621d8743ac6a"},"workflowEntityId":{"value":"5ec1f9e4-7eee-ed11-8849-6045bd006cf4"},"5621720d-c16e-4ec2-9d74-7707a18aa608":{"value":"shared_office365"}},"parameterHintsV2":{"workflowName":{"value":"0c7ab40f-6833-45bb-a663-621d8743ac6a"},"workflowEntityId":{"value":"5ec1f9e4-7eee-ed11-8849-6045bd006cf4"},"shared_office365":{"value":"5621720d-c16e-4ec2-9d74-7707a18aa608"}},"isOnPremiseConnection":false,"bypassConsent":false,"dataSets":{},"apiTier":"Standard","actions":["Run"]}}</ConnectionReferences>
      <DatabaseReferences>{}</DatabaseReferences>
      <AppComponents>[]</AppComponents>
      <AppComponentDependencies>[]</AppComponentDependencies>
      <CanConsumeAppPass>1</CanConsumeAppPass>
      <CanvasAppType>0</CanvasAppType>
      <BypassConsent>0</BypassConsent>
      <AdminControlBypassConsent>0</AdminControlBypassConsent>
      <EmbeddedApp xsi:nil="true"></EmbeddedApp>
      <IntroducedVersion>1.0</IntroducedVersion>
      <CdsDependencies>{"cdsdependencies":[{"dependencyid":"58739d8c-befe-ed11-8f6e-6045bd006cf4","componenttype":29,"componenttypeplatformname":"Workflow"},{"dependencyid":"5ec1f9e4-7eee-ed11-8849-6045bd006cf4","componenttype":29,"componenttypeplatformname":"Workflow"}]}</CdsDependencies>
      <IsCustomizable>1</IsCustomizable>
      <BackgroundImageUri>/CanvasApps/craa6_msleadgenerator_469c0_BackgroundImageUri</BackgroundImageUri>
      <DocumentUri>/CanvasApps/craa6_msleadgenerator_469c0_DocumentUri.msapp</DocumentUri>
    </CanvasApp>
  </CanvasApps>
  <Languages>
    <Language>1033</Language>
  </Languages>
</ImportExportXml>